genome_id,genome_name,ciprofloxacin,ceftriaxone,meropenem
GCF_1000000.1,Escherichia coli,Intermediate,Resistant,Susceptible
GCF_1000001.1,Escherichia coli,Susceptible,Susceptible,Susceptible
GCF_1000002.1,Escherichia coli,Susceptible,Susceptible,Susceptible
GCF_1000003.1,Escherichia coli,Susceptible,Susceptible,Susceptible
GCF_1000004.1,Escherichia coli,Resistant,Susceptible,Intermediate
GCF_1000005.1,Escherichia coli,Resistant,Susceptible,Susceptible
GCF_1000006.1,Escherichia coli,Resistant,Susceptible,Susceptible
GCF_1000007.1,Escherichia coli,Susceptible,Susceptible,Susceptible
GCF_1000008.1,Escherichia coli,Susceptible,Resistant,Resistant
GCF_1000009.1,Escherichia coli,Susceptible,Susceptible,Susceptible
GCF_1000010.1,Escherichia coli,Resistant,Resistant,Resistant
GCF_1000011.1,Escherichia coli,Susceptible,Susceptible,Resistant
GCF_1000012.1,Escherichia coli,Susceptible,Susceptible,Susceptible
GCF_1000013.1,Escherichia coli,Resistant,Resistant,Resistant
GCF_1000014.1,Escherichia coli,Resistant,Susceptible,Susceptible
GCF_1000015.1,Escherichia coli,Resistant,Susceptible,Susceptible
GCF_1000016.1,Escherichia coli,Resistant,Resistant,Susceptible
GCF_1000017.1,Escherichia coli,Susceptible,Susceptible,Susceptible
GCF_1000018.1,Escherichia coli,Intermediate,Susceptible,Resistant
GCF_1000019.1,Escherichia coli,Resistant,Resistant,Susceptible
GCF_1000020.1,Escherichia coli,Susceptible,Susceptible,Susceptible
GCF_1000021.1,Escherichia coli,Resistant,Resistant,Susceptible
GCF_1000022.1,Escherichia coli,Resistant,Susceptible,Susceptible
GCF_1000023.1,Escherichia coli,Intermediate,Susceptible,Resistant
GCF_1000024.1,Escherichia coli,Susceptible,Susceptible,Susceptible
GCF_1000025.1,Escherichia coli,Susceptible,Susceptible,Susceptible
GCF_1000026.1,Escherichia coli,Resistant,Susceptible,Susceptible
GCF_1000027.1,Escherichia coli,Susceptible,Susceptible,Susceptible
GCF_1000028.1,Escherichia coli,Susceptible,Intermediate,Susceptible
GCF_1000029.1,Escherichia coli,Resistant,Susceptible,Susceptible
GCF_1000030.1,Escherichia coli,Susceptible,Resistant,Intermediate
GCF_1000031.1,Escherichia coli,Resistant,Susceptible,Susceptible
GCF_1000032.1,Escherichia coli,Resistant,Resistant,Susceptible
GCF_1000033.1,Escherichia coli,Susceptible,Resistant,Susceptible
GCF_1000034.1,Escherichia coli,Susceptible,Resistant,Susceptible
GCF_1000035.1,Escherichia coli,Susceptible,Susceptible,Susceptible
GCF_1000036.1,Escherichia coli,Resistant,Resistant,Resistant
GCF_1000037.1,Escherichia coli,Resistant,Susceptible,Resistant
GCF_1000038.1,Escherichia coli,Susceptible,Resistant,Susceptible
GCF_1000039.1,Escherichia coli,Intermediate,Intermediate,Susceptible
GCF_1000040.1,Escherichia coli,Resistant,Susceptible,Susceptible
GCF_1000041.1,Escherichia coli,Susceptible,Susceptible,Susceptible
GCF_1000042.1,Escherichia coli,Resistant,Resistant,Susceptible
GCF_1000043.1,Escherichia coli,Susceptible,Susceptible,Resistant
GCF_1000044.1,Escherichia coli,Resistant,Susceptible,Susceptible
GCF_1000045.1,Escherichia coli,Susceptible,Susceptible,Susceptible
GCF_1000046.1,Escherichia coli,Resistant,Resistant,Resistant
GCF_1000047.1,Escherichia coli,Susceptible,Resistant,Susceptible
GCF_1000048.1,Escherichia coli,Susceptible,Susceptible,Susceptible
GCF_1000049.1,Escherichia coli,Resistant,Resistant,Resistant
GCF_1000050.1,Escherichia coli,Susceptible,Susceptible,Susceptible
GCF_1000051.1,Escherichia coli,Susceptible,Susceptible,Susceptible
GCF_1000052.1,Escherichia coli,Susceptible,Susceptible,Intermediate
GCF_1000053.1,Escherichia coli,Susceptible,Susceptible,Susceptible
GCF_1000054.1,Escherichia coli,Susceptible,Susceptible,Susceptible
GCF_1000055.1,Escherichia coli,Susceptible,Susceptible,Susceptible
GCF_1000056.1,Escherichia coli,Resistant,Susceptible,Susceptible
GCF_1000057.1,Escherichia coli,Resistant,Intermediate,Susceptible
GCF_1000058.1,Escherichia coli,Resistant,Intermediate,Susceptible
GCF_1000059.1,Escherichia coli,Resistant,Susceptible,Susceptible
GCF_1000060.1,Escherichia coli,Intermediate,Susceptible,Resistant
GCF_1000061.1,Escherichia coli,Resistant,Susceptible,Susceptible
GCF_1000062.1,Escherichia coli,Susceptible,Susceptible,Susceptible
GCF_1000063.1,Escherichia coli,Intermediate,Susceptible,Susceptible
GCF_1000064.1,Escherichia coli,Resistant,Intermediate,Resistant
GCF_1000065.1,Escherichia coli,Susceptible,Susceptible,Susceptible
GCF_1000066.1,Escherichia coli,Resistant,Resistant,Intermediate
GCF_1000067.1,Escherichia coli,Susceptible,Resistant,Susceptible
GCF_1000068.1,Escherichia coli,Resistant,Resistant,Resistant
GCF_1000069.1,Escherichia coli,Susceptible,Intermediate,Susceptible
GCF_1000070.1,Escherichia coli,Susceptible,Intermediate,Susceptible
GCF_1000071.1,Escherichia coli,Resistant,Resistant,Susceptible
GCF_1000072.1,Escherichia coli,Resistant,Resistant,Intermediate
GCF_1000073.1,Escherichia coli,Susceptible,Resistant,Susceptible
GCF_1000074.1,Escherichia coli,Susceptible,Susceptible,Susceptible
GCF_1000075.1,Escherichia coli,Susceptible,Susceptible,Susceptible
GCF_1000076.1,Escherichia coli,Susceptible,Susceptible,Susceptible
GCF_1000077.1,Escherichia coli,Resistant,Susceptible,Susceptible
GCF_1000078.1,Escherichia coli,Intermediate,Resistant,Susceptible
GCF_1000079.1,Escherichia coli,Resistant,Susceptible,Susceptible
GCF_1000080.1,Escherichia coli,Susceptible,Susceptible,Resistant
GCF_1000081.1,Escherichia coli,Susceptible,Resistant,Resistant
GCF_1000082.1,Escherichia coli,Resistant,Intermediate,Susceptible
GCF_1000083.1,Escherichia coli,Resistant,Susceptible,Susceptible
GCF_1000084.1,Escherichia coli,Resistant,Susceptible,Susceptible
GCF_1000085.1,Escherichia coli,Resistant,Intermediate,Susceptible
GCF_1000086.1,Escherichia coli,Susceptible,Susceptible,Resistant
GCF_1000087.1,Escherichia coli,Susceptible,Resistant,Susceptible
GCF_1000088.1,Escherichia coli,Susceptible,Susceptible,Susceptible
GCF_1000089.1,Escherichia coli,Susceptible,Resistant,Susceptible
GCF_1000090.1,Escherichia coli,Resistant,Susceptible,Susceptible
GCF_1000091.1,Escherichia coli,Susceptible,Susceptible,Susceptible
GCF_1000092.1,Escherichia coli,Susceptible,Susceptible,Susceptible
GCF_1000093.1,Escherichia coli,Susceptible,Susceptible,Susceptible
GCF_1000094.1,Escherichia coli,Susceptible,Resistant,Susceptible
GCF_1000095.1,Escherichia coli,Susceptible,Resistant,Susceptible
GCF_1000096.1,Escherichia coli,Susceptible,Resistant,Susceptible
GCF_1000097.1,Escherichia coli,Intermediate,Resistant,Susceptible
GCF_1000098.1,Escherichia coli,Resistant,Susceptible,Susceptible
GCF_1000099.1,Escherichia coli,Resistant,Resistant,Susceptible
GCF_1000100.1,Escherichia coli,Resistant,Resistant,Susceptible
GCF_1000101.1,Escherichia coli,Susceptible,Susceptible,Susceptible
GCF_1000102.1,Escherichia coli,Resistant,Susceptible,Resistant
GCF_1000103.1,Escherichia coli,Susceptible,Susceptible,Susceptible
GCF_1000104.1,Escherichia coli,Susceptible,Susceptible,Susceptible
GCF_1000105.1,Escherichia coli,Resistant,Resistant,Susceptible
GCF_1000106.1,Escherichia coli,Intermediate,Susceptible,Susceptible
GCF_1000107.1,Escherichia coli,Susceptible,Susceptible,Susceptible
GCF_1000108.1,Escherichia coli,Resistant,Susceptible,Intermediate
GCF_1000109.1,Escherichia coli,Resistant,Resistant,Susceptible
GCF_1000110.1,Escherichia coli,Resistant,Susceptible,Resistant
GCF_1000111.1,Escherichia coli,Resistant,Resistant,Intermediate
GCF_1000112.1,Escherichia coli,Susceptible,Resistant,Intermediate
GCF_1000113.1,Escherichia coli,Susceptible,Susceptible,Susceptible
GCF_1000114.1,Escherichia coli,Susceptible,Susceptible,Susceptible
GCF_1000115.1,Escherichia coli,Susceptible,Susceptible,Intermediate
GCF_1000116.1,Escherichia coli,Susceptible,Resistant,Susceptible
GCF_1000117.1,Escherichia coli,Resistant,Susceptible,Susceptible
GCF_1000118.1,Escherichia coli,Susceptible,Intermediate,Resistant
GCF_1000119.1,Escherichia coli,Susceptible,Resistant,Susceptible
GCF_1000120.1,Escherichia coli,Susceptible,Susceptible,Susceptible
GCF_1000121.1,Escherichia coli,Susceptible,Susceptible,Susceptible
GCF_1000122.1,Escherichia coli,Resistant,Susceptible,Susceptible
GCF_1000123.1,Escherichia coli,Resistant,Susceptible,Susceptible
GCF_1000124.1,Escherichia coli,Resistant,Susceptible,Susceptible
GCF_1000125.1,Escherichia coli,Intermediate,Susceptible,Susceptible
GCF_1000126.1,Escherichia coli,Susceptible,Resistant,Susceptible
GCF_1000127.1,Escherichia coli,Susceptible,Susceptible,Intermediate
GCF_1000128.1,Escherichia coli,Resistant,Resistant,Susceptible
GCF_1000129.1,Escherichia coli,Susceptible,Intermediate,Susceptible
GCF_1000130.1,Escherichia coli,Intermediate,Susceptible,Intermediate
GCF_1000131.1,Escherichia coli,Resistant,Intermediate,Resistant
GCF_1000132.1,Escherichia coli,Resistant,Resistant,Susceptible
GCF_1000133.1,Escherichia coli,Resistant,Resistant,Susceptible
GCF_1000134.1,Escherichia coli,Susceptible,Susceptible,Susceptible
GCF_1000135.1,Escherichia coli,Resistant,Resistant,Susceptible
GCF_1000136.1,Escherichia coli,Susceptible,Susceptible,Resistant
GCF_1000137.1,Escherichia coli,Susceptible,Susceptible,Susceptible
GCF_1000138.1,Escherichia coli,Intermediate,Susceptible,Intermediate
GCF_1000139.1,Escherichia coli,Susceptible,Susceptible,Susceptible
GCF_1000140.1,Escherichia coli,Susceptible,Susceptible,Susceptible
GCF_1000141.1,Escherichia coli,Resistant,Resistant,Susceptible
GCF_1000142.1,Escherichia coli,Susceptible,Susceptible,Susceptible
GCF_1000143.1,Escherichia coli,Resistant,Susceptible,Susceptible
GCF_1000144.1,Escherichia coli,Resistant,Resistant,Susceptible
GCF_1000145.1,Escherichia coli,Resistant,Susceptible,Susceptible
GCF_1000146.1,Escherichia coli,Susceptible,Susceptible,Susceptible
GCF_1000147.1,Escherichia coli,Susceptible,Susceptible,Susceptible
GCF_1000148.1,Escherichia coli,Resistant,Susceptible,Susceptible
GCF_1000149.1,Escherichia coli,Resistant,Susceptible,Susceptible
GCF_1000150.1,Escherichia coli,Susceptible,Susceptible,Susceptible
GCF_1000151.1,Escherichia coli,Resistant,Susceptible,Resistant
GCF_1000152.1,Escherichia coli,Resistant,Susceptible,Susceptible
GCF_1000153.1,Escherichia coli,Susceptible,Susceptible,Susceptible
GCF_1000154.1,Escherichia coli,Susceptible,Susceptible,Resistant
GCF_1000155.1,Escherichia coli,Resistant,Susceptible,Intermediate
GCF_1000156.1,Escherichia coli,Susceptible,Resistant,Resistant
GCF_1000157.1,Escherichia coli,Susceptible,Susceptible,Susceptible
GCF_1000158.1,Escherichia coli,Resistant,Susceptible,Susceptible
GCF_1000159.1,Escherichia coli,Susceptible,Resistant,Susceptible
GCF_1000160.1,Escherichia coli,Intermediate,Susceptible,Susceptible
GCF_1000161.1,Escherichia coli,Susceptible,Resistant,Susceptible
GCF_1000162.1,Escherichia coli,Susceptible,Susceptible,Susceptible
GCF_1000163.1,Escherichia coli,Susceptible,Susceptible,Susceptible
GCF_1000164.1,Escherichia coli,Resistant,Resistant,Susceptible
GCF_1000165.1,Escherichia coli,Susceptible,Susceptible,Susceptible
GCF_1000166.1,Escherichia coli,Resistant,Susceptible,Susceptible
GCF_1000167.1,Escherichia coli,Resistant,Intermediate,Resistant
GCF_1000168.1,Escherichia coli,Resistant,Resistant,Susceptible
GCF_1000169.1,Escherichia coli,Susceptible,Intermediate,Susceptible
GCF_1000170.1,Escherichia coli,Susceptible,Susceptible,Susceptible
GCF_1000171.1,Escherichia coli,Resistant,Susceptible,Resistant
GCF_1000172.1,Escherichia coli,Susceptible,Susceptible,Intermediate
GCF_1000173.1,Escherichia coli,Resistant,Resistant,Susceptible
GCF_1000174.1,Escherichia coli,Susceptible,Susceptible,Susceptible
GCF_1000175.1,Escherichia coli,Resistant,Susceptible,Susceptible
GCF_1000176.1,Escherichia coli,Susceptible,Susceptible,Susceptible
GCF_1000177.1,Escherichia coli,Intermediate,Resistant,Susceptible
GCF_1000178.1,Escherichia coli,Susceptible,Susceptible,Susceptible
GCF_1000179.1,Escherichia coli,Resistant,Susceptible,Susceptible
GCF_1000180.1,Escherichia coli,Resistant,Susceptible,Susceptible
GCF_1000181.1,Escherichia coli,Resistant,Resistant,Intermediate
GCF_1000182.1,Escherichia coli,Susceptible,Susceptible,Resistant
GCF_1000183.1,Escherichia coli,Susceptible,Susceptible,Susceptible
GCF_1000184.1,Escherichia coli,Resistant,Resistant,Susceptible
GCF_1000185.1,Escherichia coli,Susceptible,Susceptible,Susceptible
GCF_1000186.1,Escherichia coli,Susceptible,Susceptible,Susceptible
GCF_1000187.1,Escherichia coli,Susceptible,Resistant,Susceptible
GCF_1000188.1,Escherichia coli,Susceptible,Intermediate,Susceptible
GCF_1000189.1,Escherichia coli,Resistant,Susceptible,Susceptible
GCF_1000190.1,Escherichia coli,Resistant,Resistant,Intermediate
GCF_1000191.1,Escherichia coli,Susceptible,Susceptible,Susceptible
GCF_1000192.1,Escherichia coli,Susceptible,Susceptible,Susceptible
GCF_1000193.1,Escherichia coli,Susceptible,Susceptible,Susceptible
GCF_1000194.1,Escherichia coli,Resistant,Resistant,Resistant
GCF_1000195.1,Escherichia coli,Resistant,Susceptible,Susceptible
GCF_1000196.1,Escherichia coli,Susceptible,Susceptible,Susceptible
GCF_1000197.1,Escherichia coli,Susceptible,Susceptible,Susceptible
GCF_1000198.1,Escherichia coli,Susceptible,Susceptible,Susceptible
GCF_1000199.1,Escherichia coli,Susceptible,Resistant,Susceptible
GCF_1000200.1,Escherichia coli,Susceptible,Susceptible,Susceptible
GCF_1000201.1,Escherichia coli,Resistant,Resistant,Resistant
GCF_1000202.1,Escherichia coli,Resistant,Resistant,Susceptible
GCF_1000203.1,Escherichia coli,Susceptible,Intermediate,Resistant
GCF_1000204.1,Escherichia coli,Susceptible,Susceptible,Susceptible
GCF_1000205.1,Escherichia coli,Resistant,Susceptible,Susceptible
GCF_1000206.1,Escherichia coli,Resistant,Susceptible,Susceptible
GCF_1000207.1,Escherichia coli,Susceptible,Susceptible,Susceptible
GCF_1000208.1,Escherichia coli,Resistant,Resistant,Susceptible
GCF_1000209.1,Escherichia coli,Resistant,Susceptible,Susceptible
GCF_1000210.1,Escherichia coli,Susceptible,Susceptible,Susceptible
GCF_1000211.1,Escherichia coli,Susceptible,Susceptible,Susceptible
GCF_1000212.1,Escherichia coli,Susceptible,Resistant,Resistant
GCF_1000213.1,Escherichia coli,Resistant,Susceptible,Susceptible
GCF_1000214.1,Escherichia coli,Susceptible,Susceptible,Susceptible
GCF_1000215.1,Escherichia coli,Resistant,Resistant,Susceptible
GCF_1000216.1,Escherichia coli,Resistant,Resistant,Susceptible
GCF_1000217.1,Escherichia coli,Susceptible,Susceptible,Susceptible
GCF_1000218.1,Escherichia coli,Susceptible,Susceptible,Susceptible
GCF_1000219.1,Escherichia coli,Susceptible,Intermediate,Resistant
GCF_1000220.1,Escherichia coli,Susceptible,Susceptible,Susceptible
GCF_1000221.1,Escherichia coli,Susceptible,Resistant,Susceptible
GCF_1000222.1,Escherichia coli,Resistant,Intermediate,Resistant
GCF_1000223.1,Escherichia coli,Intermediate,Susceptible,Susceptible
GCF_1000224.1,Escherichia coli,Resistant,Intermediate,Resistant
GCF_1000225.1,Escherichia coli,Resistant,Susceptible,Susceptible
GCF_1000226.1,Escherichia coli,Susceptible,Susceptible,Susceptible
GCF_1000227.1,Escherichia coli,Intermediate,Intermediate,Susceptible
GCF_1000228.1,Escherichia coli,Susceptible,Susceptible,Susceptible
GCF_1000229.1,Escherichia coli,Susceptible,Susceptible,Susceptible
GCF_1000230.1,Escherichia coli,Susceptible,Susceptible,Susceptible
GCF_1000231.1,Escherichia coli,Susceptible,Resistant,Resistant
GCF_1000232.1,Escherichia coli,Susceptible,Resistant,Susceptible
GCF_1000233.1,Escherichia coli,Susceptible,Resistant,Susceptible
GCF_1000234.1,Escherichia coli,Resistant,Susceptible,Susceptible
GCF_1000235.1,Escherichia coli,Susceptible,Susceptible,Susceptible
GCF_1000236.1,Escherichia coli,Resistant,Susceptible,Susceptible
GCF_1000237.1,Escherichia coli,Resistant,Intermediate,Resistant
GCF_1000238.1,Escherichia coli,Susceptible,Susceptible,Resistant
GCF_1000239.1,Escherichia coli,Resistant,Resistant,Intermediate
GCF_1000240.1,Escherichia coli,Susceptible,Susceptible,Susceptible
GCF_1000241.1,Escherichia coli,Susceptible,Susceptible,Resistant
GCF_1000242.1,Escherichia coli,Susceptible,Susceptible,Susceptible
GCF_1000243.1,Escherichia coli,Intermediate,Susceptible,Susceptible
GCF_1000244.1,Escherichia coli,Resistant,Susceptible,Susceptible
GCF_1000245.1,Escherichia coli,Susceptible,Susceptible,Susceptible
GCF_1000246.1,Escherichia coli,Intermediate,Resistant,Resistant
GCF_1000247.1,Escherichia coli,Susceptible,Resistant,Susceptible
GCF_1000248.1,Escherichia coli,Susceptible,Susceptible,Susceptible
GCF_1000249.1,Escherichia coli,Susceptible,Susceptible,Resistant
GCF_1000250.1,Escherichia coli,Resistant,Susceptible,Resistant
GCF_1000251.1,Escherichia coli,Intermediate,Susceptible,Susceptible
GCF_1000252.1,Escherichia coli,Susceptible,Resistant,Susceptible
GCF_1000253.1,Escherichia coli,Resistant,Resistant,Susceptible
GCF_1000254.1,Escherichia coli,Resistant,Susceptible,Susceptible
GCF_1000255.1,Escherichia coli,Susceptible,Susceptible,Susceptible
GCF_1000256.1,Escherichia coli,Susceptible,Resistant,Susceptible
GCF_1000257.1,Escherichia coli,Susceptible,Susceptible,Susceptible
GCF_1000258.1,Escherichia coli,Susceptible,Resistant,Susceptible
GCF_1000259.1,Escherichia coli,Resistant,Susceptible,Susceptible
GCF_1000260.1,Escherichia coli,Susceptible,Intermediate,Susceptible
GCF_1000261.1,Escherichia coli,Susceptible,Susceptible,Susceptible
GCF_1000262.1,Escherichia coli,Resistant,Resistant,Susceptible
GCF_1000263.1,Escherichia coli,Susceptible,Susceptible,Susceptible
GCF_1000264.1,Escherichia coli,Susceptible,Resistant,Susceptible
GCF_1000265.1,Escherichia coli,Susceptible,Resistant,Susceptible
GCF_1000266.1,Escherichia coli,Susceptible,Susceptible,Susceptible
GCF_1000267.1,Escherichia coli,Susceptible,Susceptible,Susceptible
GCF_1000268.1,Escherichia coli,Intermediate,Susceptible,Susceptible
GCF_1000269.1,Escherichia coli,Resistant,Resistant,Susceptible
GCF_1000270.1,Escherichia coli,Susceptible,Susceptible,Resistant
GCF_1000271.1,Escherichia coli,Susceptible,Susceptible,Susceptible
GCF_1000272.1,Escherichia coli,Susceptible,Susceptible,Susceptible
GCF_1000273.1,Escherichia coli,Susceptible,Resistant,Susceptible
GCF_1000274.1,Escherichia coli,Susceptible,Susceptible,Susceptible
GCF_1000275.1,Escherichia coli,Susceptible,Resistant,Susceptible
GCF_1000276.1,Escherichia coli,Susceptible,Resistant,Susceptible
GCF_1000277.1,Escherichia coli,Susceptible,Susceptible,Susceptible
GCF_1000278.1,Escherichia coli,Susceptible,Resistant,Susceptible
GCF_1000279.1,Escherichia coli,Susceptible,Susceptible,Resistant
GCF_1000280.1,Escherichia coli,Susceptible,Susceptible,Susceptible
GCF_1000281.1,Escherichia coli,Resistant,Susceptible,Susceptible
GCF_1000282.1,Escherichia coli,Intermediate,Susceptible,Susceptible
GCF_1000283.1,Escherichia coli,Resistant,Resistant,Resistant
GCF_1000284.1,Escherichia coli,Susceptible,Intermediate,Resistant
GCF_1000285.1,Escherichia coli,Resistant,Intermediate,Intermediate
GCF_1000286.1,Escherichia coli,Susceptible,Resistant,Susceptible
GCF_1000287.1,Escherichia coli,Susceptible,Susceptible,Susceptible
GCF_1000288.1,Escherichia coli,Resistant,Resistant,Susceptible
GCF_1000289.1,Escherichia coli,Susceptible,Resistant,Intermediate
GCF_1000290.1,Escherichia coli,Resistant,Resistant,Susceptible
GCF_1000291.1,Escherichia coli,Resistant,Resistant,Susceptible
GCF_1000292.1,Escherichia coli,Susceptible,Susceptible,Susceptible
GCF_1000293.1,Escherichia coli,Intermediate,Susceptible,Susceptible
GCF_1000294.1,Escherichia coli,Resistant,Susceptible,Resistant
GCF_1000295.1,Escherichia coli,Susceptible,Resistant,Resistant
GCF_1000296.1,Escherichia coli,Susceptible,Resistant,Susceptible
GCF_1000297.1,Escherichia coli,Resistant,Resistant,Resistant
GCF_1000298.1,Escherichia coli,Susceptible,Susceptible,Resistant
GCF_1000299.1,Escherichia coli,Resistant,Susceptible,Susceptible
GCF_1000300.1,Escherichia coli,Resistant,Resistant,Susceptible
GCF_1000301.1,Escherichia coli,Susceptible,Susceptible,Susceptible
GCF_1000302.1,Escherichia coli,Susceptible,Resistant,Susceptible
GCF_1000303.1,Escherichia coli,Susceptible,Susceptible,Susceptible
GCF_1000304.1,Escherichia coli,Susceptible,Susceptible,Susceptible
GCF_1000305.1,Escherichia coli,Susceptible,Susceptible,Susceptible
GCF_1000306.1,Escherichia coli,Susceptible,Susceptible,Resistant
GCF_1000307.1,Escherichia coli,Resistant,Susceptible,Susceptible
GCF_1000308.1,Escherichia coli,Susceptible,Susceptible,Resistant
GCF_1000309.1,Escherichia coli,Resistant,Susceptible,Susceptible
GCF_1000310.1,Escherichia coli,Intermediate,Resistant,Susceptible
GCF_1000311.1,Escherichia coli,Resistant,Susceptible,Susceptible
GCF_1000312.1,Escherichia coli,Resistant,Susceptible,Susceptible
GCF_1000313.1,Escherichia coli,Susceptible,Susceptible,Susceptible
GCF_1000314.1,Escherichia coli,Susceptible,Susceptible,Susceptible
GCF_1000315.1,Escherichia coli,Susceptible,Susceptible,Resistant
GCF_1000316.1,Escherichia coli,Intermediate,Susceptible,Susceptible
GCF_1000317.1,Escherichia coli,Resistant,Susceptible,Susceptible
GCF_1000318.1,Escherichia coli,Resistant,Resistant,Susceptible
GCF_1000319.1,Escherichia coli,Resistant,Resistant,Susceptible
GCF_1000320.1,Escherichia coli,Susceptible,Resistant,Susceptible
GCF_1000321.1,Escherichia coli,Susceptible,Resistant,Susceptible
GCF_1000322.1,Escherichia coli,Susceptible,Susceptible,Susceptible
GCF_1000323.1,Escherichia coli,Resistant,Resistant,Susceptible
GCF_1000324.1,Escherichia coli,Susceptible,Susceptible,Susceptible
GCF_1000325.1,Escherichia coli,Susceptible,Susceptible,Susceptible
GCF_1000326.1,Escherichia coli,Susceptible,Resistant,Susceptible
GCF_1000327.1,Escherichia coli,Susceptible,Susceptible,Resistant
GCF_1000328.1,Escherichia coli,Intermediate,Susceptible,Susceptible
GCF_1000329.1,Escherichia coli,Resistant,Intermediate,Resistant
GCF_1000330.1,Escherichia coli,Intermediate,Susceptible,Susceptible
GCF_1000331.1,Escherichia coli,Susceptible,Susceptible,Resistant
GCF_1000332.1,Escherichia coli,Resistant,Resistant,Susceptible
GCF_1000333.1,Escherichia coli,Resistant,Susceptible,Susceptible
GCF_1000334.1,Escherichia coli,Resistant,Susceptible,Resistant
GCF_1000335.1,Escherichia coli,Resistant,Susceptible,Susceptible
GCF_1000336.1,Escherichia coli,Susceptible,Resistant,Susceptible
GCF_1000337.1,Escherichia coli,Susceptible,Susceptible,Susceptible
GCF_1000338.1,Escherichia coli,Susceptible,Resistant,Resistant
GCF_1000339.1,Escherichia coli,Resistant,Resistant,Susceptible
GCF_1000340.1,Escherichia coli,Susceptible,Intermediate,Susceptible
GCF_1000341.1,Escherichia coli,Susceptible,Susceptible,Resistant
GCF_1000342.1,Escherichia coli,Resistant,Susceptible,Resistant
GCF_1000343.1,Escherichia coli,Intermediate,Susceptible,Susceptible
GCF_1000344.1,Escherichia coli,Intermediate,Susceptible,Susceptible
GCF_1000345.1,Escherichia coli,Susceptible,Susceptible,Susceptible
GCF_1000346.1,Escherichia coli,Susceptible,Susceptible,Susceptible
GCF_1000347.1,Escherichia coli,Resistant,Resistant,Susceptible
GCF_1000348.1,Escherichia coli,Intermediate,Susceptible,Susceptible
GCF_1000349.1,Escherichia coli,Susceptible,Resistant,Resistant
GCF_1000350.1,Escherichia coli,Susceptible,Susceptible,Susceptible
GCF_1000351.1,Escherichia coli,Susceptible,Susceptible,Susceptible
GCF_1000352.1,Escherichia coli,Susceptible,Susceptible,Susceptible
GCF_1000353.1,Escherichia coli,Resistant,Susceptible,Susceptible
GCF_1000354.1,Escherichia coli,Resistant,Intermediate,Susceptible
GCF_1000355.1,Escherichia coli,Susceptible,Susceptible,Resistant
GCF_1000356.1,Escherichia coli,Resistant,Susceptible,Susceptible
GCF_1000357.1,Escherichia coli,Susceptible,Susceptible,Resistant
GCF_1000358.1,Escherichia coli,Susceptible,Intermediate,Susceptible
GCF_1000359.1,Escherichia coli,Susceptible,Susceptible,Resistant
GCF_1000360.1,Escherichia coli,Intermediate,Susceptible,Resistant
GCF_1000361.1,Escherichia coli,Susceptible,Resistant,Susceptible
GCF_1000362.1,Escherichia coli,Susceptible,Susceptible,Susceptible
GCF_1000363.1,Escherichia coli,Susceptible,Susceptible,Susceptible
GCF_1000364.1,Escherichia coli,Susceptible,Susceptible,Susceptible
GCF_1000365.1,Escherichia coli,Intermediate,Resistant,Resistant
GCF_1000366.1,Escherichia coli,Susceptible,Susceptible,Resistant
GCF_1000367.1,Escherichia coli,Susceptible,Susceptible,Susceptible
GCF_1000368.1,Escherichia coli,Resistant,Resistant,Susceptible
GCF_1000369.1,Escherichia coli,Resistant,Resistant,Susceptible
GCF_1000370.1,Escherichia coli,Resistant,Susceptible,Susceptible
GCF_1000371.1,Escherichia coli,Resistant,Resistant,Susceptible
GCF_1000372.1,Escherichia coli,Resistant,Susceptible,Susceptible
GCF_1000373.1,Escherichia coli,Susceptible,Susceptible,Susceptible
GCF_1000374.1,Escherichia coli,Resistant,Resistant,Susceptible
GCF_1000375.1,Escherichia coli,Resistant,Susceptible,Intermediate
GCF_1000376.1,Escherichia coli,Susceptible,Susceptible,Susceptible
GCF_1000377.1,Escherichia coli,Resistant,Intermediate,Susceptible
GCF_1000378.1,Escherichia coli,Susceptible,Susceptible,Susceptible
GCF_1000379.1,Escherichia coli,Resistant,Susceptible,Susceptible
GCF_1000380.1,Escherichia coli,Resistant,Resistant,Susceptible
GCF_1000381.1,Escherichia coli,Susceptible,Susceptible,Susceptible
GCF_1000382.1,Escherichia coli,Susceptible,Susceptible,Susceptible
GCF_1000383.1,Escherichia coli,Susceptible,Intermediate,Susceptible
GCF_1000384.1,Escherichia coli,Susceptible,Susceptible,Susceptible
GCF_1000385.1,Escherichia coli,Susceptible,Intermediate,Susceptible
GCF_1000386.1,Escherichia coli,Resistant,Susceptible,Susceptible
GCF_1000387.1,Escherichia coli,Resistant,Resistant,Susceptible
GCF_1000388.1,Escherichia coli,Susceptible,Susceptible,Susceptible
GCF_1000389.1,Escherichia coli,Susceptible,Susceptible,Susceptible
GCF_1000390.1,Escherichia coli,Susceptible,Resistant,Susceptible
GCF_1000391.1,Escherichia coli,Intermediate,Resistant,Intermediate
GCF_1000392.1,Escherichia coli,Intermediate,Resistant,Susceptible
GCF_1000393.1,Escherichia coli,Susceptible,Susceptible,Resistant
GCF_1000394.1,Escherichia coli,Resistant,Resistant,Susceptible
GCF_1000395.1,Escherichia coli,Susceptible,Susceptible,Susceptible
GCF_1000396.1,Escherichia coli,Susceptible,Susceptible,Intermediate
GCF_1000397.1,Escherichia coli,Intermediate,Resistant,Resistant
GCF_1000398.1,Escherichia coli,Susceptible,Susceptible,Susceptible
GCF_1000399.1,Escherichia coli,Susceptible,Susceptible,Susceptible
GCF_1000400.1,Escherichia coli,Resistant,Resistant,Susceptible
GCF_1000401.1,Escherichia coli,Susceptible,Resistant,Resistant
GCF_1000402.1,Escherichia coli,Susceptible,Resistant,Susceptible
GCF_1000403.1,Escherichia coli,Susceptible,Susceptible,Susceptible
GCF_1000404.1,Escherichia coli,Resistant,Susceptible,Susceptible
GCF_1000405.1,Escherichia coli,Susceptible,Susceptible,Susceptible
GCF_1000406.1,Escherichia coli,Intermediate,Susceptible,Susceptible
GCF_1000407.1,Escherichia coli,Resistant,Susceptible,Intermediate
GCF_1000408.1,Escherichia coli,Susceptible,Susceptible,Susceptible
GCF_1000409.1,Escherichia coli,Resistant,Susceptible,Susceptible
GCF_1000410.1,Escherichia coli,Resistant,Resistant,Susceptible
GCF_1000411.1,Escherichia coli,Susceptible,Resistant,Resistant
GCF_1000412.1,Escherichia coli,Susceptible,Intermediate,Susceptible
GCF_1000413.1,Escherichia coli,Susceptible,Resistant,Resistant
GCF_1000414.1,Escherichia coli,Susceptible,Susceptible,Susceptible
GCF_1000415.1,Escherichia coli,Intermediate,Susceptible,Susceptible
GCF_1000416.1,Escherichia coli,Resistant,Resistant,Susceptible
GCF_1000417.1,Escherichia coli,Resistant,Resistant,Resistant
GCF_1000418.1,Escherichia coli,Susceptible,Susceptible,Resistant
GCF_1000419.1,Escherichia coli,Susceptible,Susceptible,Susceptible
GCF_1000420.1,Escherichia coli,Susceptible,Intermediate,Intermediate
GCF_1000421.1,Escherichia coli,Susceptible,Susceptible,Resistant
GCF_1000422.1,Escherichia coli,Resistant,Resistant,Susceptible
GCF_1000423.1,Escherichia coli,Susceptible,Resistant,Susceptible
GCF_1000424.1,Escherichia coli,Resistant,Susceptible,Susceptible
GCF_1000425.1,Escherichia coli,Susceptible,Susceptible,Susceptible
GCF_1000426.1,Escherichia coli,Intermediate,Resistant,Resistant
GCF_1000427.1,Escherichia coli,Susceptible,Susceptible,Susceptible
GCF_1000428.1,Escherichia coli,Intermediate,Susceptible,Susceptible
GCF_1000429.1,Escherichia coli,Resistant,Susceptible,Susceptible
GCF_1000430.1,Escherichia coli,Resistant,Intermediate,Susceptible
GCF_1000431.1,Escherichia coli,Susceptible,Susceptible,Susceptible
GCF_1000432.1,Escherichia coli,Susceptible,Susceptible,Susceptible
GCF_1000433.1,Escherichia coli,Resistant,Susceptible,Susceptible
GCF_1000434.1,Escherichia coli,Resistant,Resistant,Susceptible
GCF_1000435.1,Escherichia coli,Susceptible,Resistant,Susceptible
GCF_1000436.1,Escherichia coli,Resistant,Resistant,Susceptible
GCF_1000437.1,Escherichia coli,Susceptible,Susceptible,Susceptible
GCF_1000438.1,Escherichia coli,Susceptible,Resistant,Susceptible
GCF_1000439.1,Escherichia coli,Resistant,Susceptible,Resistant
GCF_1000440.1,Escherichia coli,Resistant,Susceptible,Susceptible
GCF_1000441.1,Escherichia coli,Susceptible,Resistant,Susceptible
GCF_1000442.1,Escherichia coli,Intermediate,Susceptible,Susceptible
GCF_1000443.1,Escherichia coli,Intermediate,Susceptible,Susceptible
GCF_1000444.1,Escherichia coli,Susceptible,Susceptible,Susceptible
GCF_1000445.1,Escherichia coli,Susceptible,Resistant,Susceptible
GCF_1000446.1,Escherichia coli,Susceptible,Susceptible,Susceptible
GCF_1000447.1,Escherichia coli,Susceptible,Susceptible,Intermediate
GCF_1000448.1,Escherichia coli,Intermediate,Susceptible,Resistant
GCF_1000449.1,Escherichia coli,Resistant,Susceptible,Susceptible
GCF_1000450.1,Escherichia coli,Susceptible,Susceptible,Susceptible
GCF_1000451.1,Escherichia coli,Susceptible,Susceptible,Susceptible
GCF_1000452.1,Escherichia coli,Intermediate,Susceptible,Susceptible
GCF_1000453.1,Escherichia coli,Susceptible,Susceptible,Susceptible
GCF_1000454.1,Escherichia coli,Resistant,Resistant,Susceptible
GCF_1000455.1,Escherichia coli,Susceptible,Susceptible,Resistant
GCF_1000456.1,Escherichia coli,Resistant,Susceptible,Susceptible
GCF_1000457.1,Escherichia coli,Susceptible,Susceptible,Susceptible
GCF_1000458.1,Escherichia coli,Resistant,Resistant,Susceptible
GCF_1000459.1,Escherichia coli,Resistant,Susceptible,Susceptible
GCF_1000460.1,Escherichia coli,Resistant,Resistant,Susceptible
GCF_1000461.1,Escherichia coli,Susceptible,Susceptible,Susceptible
GCF_1000462.1,Escherichia coli,Susceptible,Resistant,Susceptible
GCF_1000463.1,Escherichia coli,Susceptible,Susceptible,Susceptible
GCF_1000464.1,Escherichia coli,Susceptible,Susceptible,Susceptible
GCF_1000465.1,Escherichia coli,Intermediate,Resistant,Susceptible
GCF_1000466.1,Escherichia coli,Resistant,Susceptible,Susceptible
GCF_1000467.1,Escherichia coli,Susceptible,Susceptible,Resistant
GCF_1000468.1,Escherichia coli,Resistant,Susceptible,Susceptible
GCF_1000469.1,Escherichia coli,Susceptible,Susceptible,Susceptible
GCF_1000470.1,Escherichia coli,Resistant,Susceptible,Intermediate
GCF_1000471.1,Escherichia coli,Susceptible,Susceptible,Susceptible
GCF_1000472.1,Escherichia coli,Resistant,Susceptible,Susceptible
GCF_1000473.1,Escherichia coli,Susceptible,Susceptible,Susceptible
GCF_1000474.1,Escherichia coli,Susceptible,Intermediate,Susceptible
GCF_1000475.1,Escherichia coli,Susceptible,Susceptible,Susceptible
GCF_1000476.1,Escherichia coli,Resistant,Susceptible,Resistant
GCF_1000477.1,Escherichia coli,Susceptible,Susceptible,Susceptible
GCF_1000478.1,Escherichia coli,Susceptible,Susceptible,Resistant
GCF_1000479.1,Escherichia coli,Susceptible,Susceptible,Susceptible
GCF_1000480.1,Escherichia coli,Susceptible,Susceptible,Susceptible
GCF_1000481.1,Escherichia coli,Susceptible,Resistant,Susceptible
GCF_1000482.1,Escherichia coli,Susceptible,Susceptible,Susceptible
GCF_1000483.1,Escherichia coli,Susceptible,Resistant,Resistant
GCF_1000484.1,Escherichia coli,Susceptible,Intermediate,Susceptible
GCF_1000485.1,Escherichia coli,Susceptible,Susceptible,Susceptible
GCF_1000486.1,Escherichia coli,Resistant,Resistant,Susceptible
GCF_1000487.1,Escherichia coli,Resistant,Susceptible,Susceptible
GCF_1000488.1,Escherichia coli,Susceptible,Susceptible,Susceptible
GCF_1000489.1,Escherichia coli,Susceptible,Susceptible,Susceptible
GCF_1000490.1,Escherichia coli,Susceptible,Resistant,Susceptible
GCF_1000491.1,Escherichia coli,Susceptible,Susceptible,Susceptible
GCF_1000492.1,Escherichia coli,Resistant,Resistant,Susceptible
GCF_1000493.1,Escherichia coli,Resistant,Resistant,Susceptible
GCF_1000494.1,Escherichia coli,Susceptible,Susceptible,Susceptible
GCF_1000495.1,Escherichia coli,Intermediate,Susceptible,Susceptible
GCF_1000496.1,Escherichia coli,Susceptible,Susceptible,Susceptible
GCF_1000497.1,Escherichia coli,Resistant,Intermediate,Susceptible
GCF_1000498.1,Escherichia coli,Susceptible,Susceptible,Susceptible
GCF_1000499.1,Escherichia coli,Susceptible,Susceptible,Susceptible
GCF_1000500.1,Escherichia coli,Susceptible,Susceptible,Susceptible
GCF_1000501.1,Escherichia coli,Susceptible,Susceptible,Susceptible
GCF_1000502.1,Escherichia coli,Resistant,Resistant,Susceptible
GCF_1000503.1,Escherichia coli,Susceptible,Susceptible,Susceptible
GCF_1000504.1,Escherichia coli,Susceptible,Susceptible,Susceptible
GCF_1000505.1,Escherichia coli,Resistant,Resistant,Resistant
GCF_1000506.1,Escherichia coli,Susceptible,Susceptible,Susceptible
GCF_1000507.1,Escherichia coli,Susceptible,Susceptible,Susceptible
GCF_1000508.1,Escherichia coli,Susceptible,Susceptible,Susceptible
GCF_1000509.1,Escherichia coli,Susceptible,Susceptible,Susceptible
GCF_1000510.1,Escherichia coli,Susceptible,Susceptible,Resistant
GCF_1000511.1,Escherichia coli,Intermediate,Susceptible,Susceptible
GCF_1000512.1,Escherichia coli,Susceptible,Susceptible,Susceptible
GCF_1000513.1,Escherichia coli,Susceptible,Resistant,Susceptible
GCF_1000514.1,Escherichia coli,Resistant,Resistant,Susceptible
GCF_1000515.1,Escherichia coli,Resistant,Resistant,Susceptible
GCF_1000516.1,Escherichia coli,Intermediate,Susceptible,Resistant
GCF_1000517.1,Escherichia coli,Susceptible,Susceptible,Susceptible
GCF_1000518.1,Escherichia coli,Susceptible,Resistant,Susceptible
GCF_1000519.1,Escherichia coli,Resistant,Susceptible,Susceptible
GCF_1000520.1,Escherichia coli,Susceptible,Resistant,Susceptible
GCF_1000521.1,Escherichia coli,Intermediate,Susceptible,Resistant
GCF_1000522.1,Escherichia coli,Susceptible,Susceptible,Susceptible
GCF_1000523.1,Escherichia coli,Susceptible,Resistant,Susceptible
GCF_1000524.1,Escherichia coli,Susceptible,Susceptible,Susceptible
GCF_1000525.1,Escherichia coli,Susceptible,Intermediate,Susceptible
GCF_1000526.1,Escherichia coli,Intermediate,Intermediate,Susceptible
GCF_1000527.1,Escherichia coli,Resistant,Resistant,Susceptible
GCF_1000528.1,Escherichia coli,Resistant,Susceptible,Resistant
GCF_1000529.1,Escherichia coli,Susceptible,Susceptible,Susceptible
GCF_1000530.1,Escherichia coli,Susceptible,Intermediate,Susceptible
GCF_1000531.1,Escherichia coli,Susceptible,Susceptible,Susceptible
GCF_1000532.1,Escherichia coli,Susceptible,Susceptible,Susceptible
GCF_1000533.1,Escherichia coli,Susceptible,Intermediate,Resistant
GCF_1000534.1,Escherichia coli,Susceptible,Susceptible,Susceptible
GCF_1000535.1,Escherichia coli,Susceptible,Resistant,Susceptible
GCF_1000536.1,Escherichia coli,Susceptible,Resistant,Susceptible
GCF_1000537.1,Escherichia coli,Resistant,Susceptible,Resistant
GCF_1000538.1,Escherichia coli,Susceptible,Resistant,Susceptible
GCF_1000539.1,Escherichia coli,Resistant,Susceptible,Susceptible
GCF_1000540.1,Escherichia coli,Susceptible,Susceptible,Susceptible
GCF_1000541.1,Escherichia coli,Susceptible,Resistant,Susceptible
GCF_1000542.1,Escherichia coli,Resistant,Susceptible,Susceptible
GCF_1000543.1,Escherichia coli,Susceptible,Intermediate,Susceptible
GCF_1000544.1,Escherichia coli,Susceptible,Susceptible,Resistant
GCF_1000545.1,Escherichia coli,Intermediate,Susceptible,Susceptible
GCF_1000546.1,Escherichia coli,Resistant,Susceptible,Resistant
GCF_1000547.1,Escherichia coli,Susceptible,Susceptible,Susceptible
GCF_1000548.1,Escherichia coli,Susceptible,Resistant,Susceptible
GCF_1000549.1,Escherichia coli,Susceptible,Susceptible,Resistant
GCF_1000550.1,Escherichia coli,Susceptible,Susceptible,Susceptible
GCF_1000551.1,Escherichia coli,Susceptible,Susceptible,Resistant
GCF_1000552.1,Escherichia coli,Susceptible,Susceptible,Susceptible
GCF_1000553.1,Escherichia coli,Susceptible,Susceptible,Susceptible
GCF_1000554.1,Escherichia coli,Susceptible,Resistant,Resistant
GCF_1000555.1,Escherichia coli,Intermediate,Resistant,Susceptible
GCF_1000556.1,Escherichia coli,Resistant,Susceptible,Susceptible
GCF_1000557.1,Escherichia coli,Resistant,Intermediate,Susceptible
GCF_1000558.1,Escherichia coli,Susceptible,Susceptible,Resistant
GCF_1000559.1,Escherichia coli,Susceptible,Susceptible,Susceptible
GCF_1000560.1,Escherichia coli,Susceptible,Susceptible,Susceptible
GCF_1000561.1,Escherichia coli,Resistant,Resistant,Susceptible
GCF_1000562.1,Escherichia coli,Resistant,Susceptible,Resistant
GCF_1000563.1,Escherichia coli,Resistant,Resistant,Resistant
GCF_1000564.1,Escherichia coli,Intermediate,Susceptible,Susceptible
GCF_1000565.1,Escherichia coli,Susceptible,Susceptible,Susceptible
GCF_1000566.1,Escherichia coli,Intermediate,Susceptible,Susceptible
GCF_1000567.1,Escherichia coli,Intermediate,Resistant,Susceptible
GCF_1000568.1,Escherichia coli,Susceptible,Susceptible,Susceptible
GCF_1000569.1,Escherichia coli,Resistant,Intermediate,Susceptible
GCF_1000570.1,Escherichia coli,Susceptible,Susceptible,Susceptible
GCF_1000571.1,Escherichia coli,Susceptible,Resistant,Susceptible
GCF_1000572.1,Escherichia coli,Intermediate,Susceptible,Susceptible
GCF_1000573.1,Escherichia coli,Susceptible,Susceptible,Susceptible
GCF_1000574.1,Escherichia coli,Susceptible,Resistant,Susceptible
GCF_1000575.1,Escherichia coli,Susceptible,Resistant,Susceptible
GCF_1000576.1,Escherichia coli,Resistant,Resistant,Susceptible
GCF_1000577.1,Escherichia coli,Susceptible,Susceptible,Susceptible
GCF_1000578.1,Escherichia coli,Susceptible,Susceptible,Susceptible
GCF_1000579.1,Escherichia coli,Resistant,Susceptible,Susceptible
GCF_1000580.1,Escherichia coli,Susceptible,Resistant,Resistant
GCF_1000581.1,Escherichia coli,Susceptible,Susceptible,Susceptible
GCF_1000582.1,Escherichia coli,Susceptible,Susceptible,Susceptible
GCF_1000583.1,Escherichia coli,Resistant,Intermediate,Susceptible
GCF_1000584.1,Escherichia coli,Susceptible,Susceptible,Susceptible
GCF_1000585.1,Escherichia coli,Resistant,Resistant,Susceptible
GCF_1000586.1,Escherichia coli,Resistant,Susceptible,Resistant
GCF_1000587.1,Escherichia coli,Resistant,Intermediate,Susceptible
GCF_1000588.1,Escherichia coli,Resistant,Intermediate,Intermediate
GCF_1000589.1,Escherichia coli,Resistant,Susceptible,Susceptible
GCF_1000590.1,Escherichia coli,Resistant,Susceptible,Susceptible
GCF_1000591.1,Escherichia coli,Susceptible,Susceptible,Susceptible
GCF_1000592.1,Escherichia coli,Resistant,Resistant,Susceptible
GCF_1000593.1,Escherichia coli,Resistant,Resistant,Susceptible
GCF_1000594.1,Escherichia coli,Susceptible,Susceptible,Resistant
GCF_1000595.1,Escherichia coli,Susceptible,Susceptible,Susceptible
GCF_1000596.1,Escherichia coli,Susceptible,Intermediate,Susceptible
GCF_1000597.1,Escherichia coli,Resistant,Resistant,Susceptible
GCF_1000598.1,Escherichia coli,Resistant,Resistant,Susceptible
GCF_1000599.1,Escherichia coli,Resistant,Susceptible,Resistant
GCF_1000600.1,Escherichia coli,Resistant,Resistant,Susceptible
GCF_1000601.1,Escherichia coli,Resistant,Resistant,Resistant
GCF_1000602.1,Escherichia coli,Resistant,Resistant,Susceptible
GCF_1000603.1,Escherichia coli,Resistant,Resistant,Susceptible
GCF_1000604.1,Escherichia coli,Resistant,Resistant,Resistant
GCF_1000605.1,Escherichia coli,Susceptible,Susceptible,Susceptible
GCF_1000606.1,Escherichia coli,Resistant,Resistant,Resistant
GCF_1000607.1,Escherichia coli,Intermediate,Susceptible,Susceptible
GCF_1000608.1,Escherichia coli,Susceptible,Resistant,Susceptible
GCF_1000609.1,Escherichia coli,Susceptible,Susceptible,Resistant
GCF_1000610.1,Escherichia coli,Resistant,Susceptible,Susceptible
GCF_1000611.1,Escherichia coli,Susceptible,Susceptible,Resistant
GCF_1000612.1,Escherichia coli,Susceptible,Susceptible,Susceptible
GCF_1000613.1,Escherichia coli,Resistant,Resistant,Susceptible
GCF_1000614.1,Escherichia coli,Susceptible,Susceptible,Susceptible
GCF_1000615.1,Escherichia coli,Susceptible,Susceptible,Resistant
GCF_1000616.1,Escherichia coli,Resistant,Susceptible,Susceptible
GCF_1000617.1,Escherichia coli,Resistant,Susceptible,Intermediate
GCF_1000618.1,Escherichia coli,Susceptible,Susceptible,Susceptible
GCF_1000619.1,Escherichia coli,Susceptible,Susceptible,Susceptible
GCF_1000620.1,Escherichia coli,Resistant,Intermediate,Susceptible
GCF_1000621.1,Escherichia coli,Resistant,Resistant,Susceptible
GCF_1000622.1,Escherichia coli,Intermediate,Susceptible,Susceptible
GCF_1000623.1,Escherichia coli,Susceptible,Susceptible,Susceptible
GCF_1000624.1,Escherichia coli,Susceptible,Resistant,Susceptible
GCF_1000625.1,Escherichia coli,Intermediate,Susceptible,Susceptible
GCF_1000626.1,Escherichia coli,Susceptible,Resistant,Resistant
GCF_1000627.1,Escherichia coli,Susceptible,Susceptible,Susceptible
GCF_1000628.1,Escherichia coli,Resistant,Resistant,Susceptible
GCF_1000629.1,Escherichia coli,Resistant,Intermediate,Susceptible
GCF_1000630.1,Escherichia coli,Susceptible,Susceptible,Susceptible
GCF_1000631.1,Escherichia coli,Susceptible,Susceptible,Susceptible
GCF_1000632.1,Escherichia coli,Susceptible,Susceptible,Resistant
GCF_1000633.1,Escherichia coli,Susceptible,Susceptible,Intermediate
GCF_1000634.1,Escherichia coli,Resistant,Susceptible,Susceptible
GCF_1000635.1,Escherichia coli,Intermediate,Resistant,Susceptible
GCF_1000636.1,Escherichia coli,Susceptible,Susceptible,Susceptible
GCF_1000637.1,Escherichia coli,Resistant,Resistant,Susceptible
GCF_1000638.1,Escherichia coli,Resistant,Susceptible,Susceptible
GCF_1000639.1,Escherichia coli,Intermediate,Susceptible,Susceptible
GCF_1000640.1,Escherichia coli,Resistant,Susceptible,Susceptible
GCF_1000641.1,Escherichia coli,Resistant,Susceptible,Resistant
GCF_1000642.1,Escherichia coli,Resistant,Susceptible,Susceptible
GCF_1000643.1,Escherichia coli,Resistant,Susceptible,Susceptible
GCF_1000644.1,Escherichia coli,Resistant,Resistant,Resistant
GCF_1000645.1,Escherichia coli,Susceptible,Susceptible,Susceptible
GCF_1000646.1,Escherichia coli,Susceptible,Resistant,Susceptible
GCF_1000647.1,Escherichia coli,Susceptible,Susceptible,Susceptible
GCF_1000648.1,Escherichia coli,Susceptible,Susceptible,Susceptible
GCF_1000649.1,Escherichia coli,Susceptible,Susceptible,Susceptible
GCF_1000650.1,Escherichia coli,Resistant,Resistant,Intermediate
GCF_1000651.1,Escherichia coli,Susceptible,Intermediate,Susceptible
GCF_1000652.1,Escherichia coli,Susceptible,Intermediate,Susceptible
GCF_1000653.1,Escherichia coli,Susceptible,Susceptible,Resistant
GCF_1000654.1,Escherichia coli,Intermediate,Resistant,Susceptible
GCF_1000655.1,Escherichia coli,Resistant,Susceptible,Susceptible
GCF_1000656.1,Escherichia coli,Resistant,Susceptible,Susceptible
GCF_1000657.1,Escherichia coli,Intermediate,Intermediate,Susceptible
GCF_1000658.1,Escherichia coli,Susceptible,Susceptible,Susceptible
GCF_1000659.1,Escherichia coli,Susceptible,Susceptible,Susceptible
GCF_1000660.1,Escherichia coli,Intermediate,Susceptible,Susceptible
GCF_1000661.1,Escherichia coli,Susceptible,Susceptible,Susceptible
GCF_1000662.1,Escherichia coli,Susceptible,Susceptible,Susceptible
GCF_1000663.1,Escherichia coli,Resistant,Intermediate,Susceptible
GCF_1000664.1,Escherichia coli,Resistant,Susceptible,Susceptible
GCF_1000665.1,Escherichia coli,Resistant,Susceptible,Susceptible
GCF_1000666.1,Escherichia coli,Resistant,Resistant,Resistant
GCF_1000667.1,Escherichia coli,Resistant,Susceptible,Susceptible
GCF_1000668.1,Escherichia coli,Resistant,Resistant,Susceptible
GCF_1000669.1,Escherichia coli,Resistant,Susceptible,Susceptible
GCF_1000670.1,Escherichia coli,Resistant,Resistant,Susceptible
GCF_1000671.1,Escherichia coli,Susceptible,Susceptible,Susceptible
GCF_1000672.1,Escherichia coli,Resistant,Susceptible,Susceptible
GCF_1000673.1,Escherichia coli,Susceptible,Susceptible,Intermediate
GCF_1000674.1,Escherichia coli,Intermediate,Susceptible,Susceptible
GCF_1000675.1,Escherichia coli,Susceptible,Intermediate,Susceptible
GCF_1000676.1,Escherichia coli,Resistant,Resistant,Susceptible
GCF_1000677.1,Escherichia coli,Intermediate,Susceptible,Resistant
GCF_1000678.1,Escherichia coli,Susceptible,Resistant,Resistant
GCF_1000679.1,Escherichia coli,Susceptible,Susceptible,Susceptible
GCF_1000680.1,Escherichia coli,Susceptible,Susceptible,Susceptible
GCF_1000681.1,Escherichia coli,Resistant,Susceptible,Susceptible
GCF_1000682.1,Escherichia coli,Resistant,Susceptible,Resistant
GCF_1000683.1,Escherichia coli,Susceptible,Susceptible,Susceptible
GCF_1000684.1,Escherichia coli,Susceptible,Resistant,Susceptible
GCF_1000685.1,Escherichia coli,Susceptible,Susceptible,Resistant
GCF_1000686.1,Escherichia coli,Susceptible,Susceptible,Resistant
GCF_1000687.1,Escherichia coli,Resistant,Intermediate,Susceptible
GCF_1000688.1,Escherichia coli,Susceptible,Susceptible,Susceptible
GCF_1000689.1,Escherichia coli,Resistant,Susceptible,Susceptible
GCF_1000690.1,Escherichia coli,Resistant,Resistant,Susceptible
GCF_1000691.1,Escherichia coli,Intermediate,Susceptible,Susceptible
GCF_1000692.1,Escherichia coli,Susceptible,Susceptible,Resistant
GCF_1000693.1,Escherichia coli,Resistant,Resistant,Susceptible
GCF_1000694.1,Escherichia coli,Resistant,Resistant,Susceptible
GCF_1000695.1,Escherichia coli,Susceptible,Resistant,Susceptible
GCF_1000696.1,Escherichia coli,Resistant,Resistant,Susceptible
GCF_1000697.1,Escherichia coli,Susceptible,Resistant,Susceptible
GCF_1000698.1,Escherichia coli,Resistant,Susceptible,Susceptible
GCF_1000699.1,Escherichia coli,Susceptible,Susceptible,Susceptible
GCF_1000700.1,Escherichia coli,Susceptible,Susceptible,Susceptible
GCF_1000701.1,Escherichia coli,Resistant,Intermediate,Susceptible
GCF_1000702.1,Escherichia coli,Resistant,Resistant,Resistant
GCF_1000703.1,Escherichia coli,Resistant,Intermediate,Resistant
GCF_1000704.1,Escherichia coli,Resistant,Intermediate,Susceptible
GCF_1000705.1,Escherichia coli,Susceptible,Resistant,Susceptible
GCF_1000706.1,Escherichia coli,Resistant,Susceptible,Resistant
GCF_1000707.1,Escherichia coli,Susceptible,Resistant,Susceptible
GCF_1000708.1,Escherichia coli,Resistant,Susceptible,Resistant
GCF_1000709.1,Escherichia coli,Susceptible,Susceptible,Susceptible
GCF_1000710.1,Escherichia coli,Susceptible,Resistant,Susceptible
GCF_1000711.1,Escherichia coli,Susceptible,Resistant,Susceptible
GCF_1000712.1,Escherichia coli,Susceptible,Susceptible,Susceptible
GCF_1000713.1,Escherichia coli,Intermediate,Susceptible,Susceptible
GCF_1000714.1,Escherichia coli,Resistant,Resistant,Resistant
GCF_1000715.1,Escherichia coli,Susceptible,Susceptible,Susceptible
GCF_1000716.1,Escherichia coli,Susceptible,Resistant,Susceptible
GCF_1000717.1,Escherichia coli,Susceptible,Susceptible,Susceptible
GCF_1000718.1,Escherichia coli,Resistant,Susceptible,Susceptible
GCF_1000719.1,Escherichia coli,Susceptible,Resistant,Resistant
GCF_1000720.1,Escherichia coli,Susceptible,Resistant,Susceptible
GCF_1000721.1,Escherichia coli,Resistant,Resistant,Susceptible
GCF_1000722.1,Escherichia coli,Resistant,Resistant,Susceptible
GCF_1000723.1,Escherichia coli,Susceptible,Resistant,Susceptible
GCF_1000724.1,Escherichia coli,Susceptible,Susceptible,Susceptible
GCF_1000725.1,Escherichia coli,Susceptible,Resistant,Susceptible
GCF_1000726.1,Escherichia coli,Resistant,Intermediate,Resistant
GCF_1000727.1,Escherichia coli,Susceptible,Susceptible,Susceptible
GCF_1000728.1,Escherichia coli,Resistant,Susceptible,Intermediate
GCF_1000729.1,Escherichia coli,Resistant,Susceptible,Susceptible
GCF_1000730.1,Escherichia coli,Resistant,Resistant,Susceptible
GCF_1000731.1,Escherichia coli,Susceptible,Susceptible,Susceptible
GCF_1000732.1,Escherichia coli,Susceptible,Susceptible,Resistant
GCF_1000733.1,Escherichia coli,Susceptible,Susceptible,Susceptible
GCF_1000734.1,Escherichia coli,Intermediate,Resistant,Susceptible
GCF_1000735.1,Escherichia coli,Susceptible,Susceptible,Susceptible
GCF_1000736.1,Escherichia coli,Intermediate,Susceptible,Susceptible
GCF_1000737.1,Escherichia coli,Susceptible,Resistant,Susceptible
GCF_1000738.1,Escherichia coli,Intermediate,Susceptible,Susceptible
GCF_1000739.1,Escherichia coli,Intermediate,Susceptible,Resistant
GCF_1000740.1,Escherichia coli,Susceptible,Susceptible,Susceptible
GCF_1000741.1,Escherichia coli,Resistant,Susceptible,Intermediate
GCF_1000742.1,Escherichia coli,Susceptible,Susceptible,Intermediate
GCF_1000743.1,Escherichia coli,Susceptible,Resistant,Resistant
GCF_1000744.1,Escherichia coli,Resistant,Intermediate,Susceptible
GCF_1000745.1,Escherichia coli,Susceptible,Susceptible,Susceptible
GCF_1000746.1,Escherichia coli,Intermediate,Resistant,Susceptible
GCF_1000747.1,Escherichia coli,Susceptible,Intermediate,Resistant
GCF_1000748.1,Escherichia coli,Susceptible,Susceptible,Susceptible
GCF_1000749.1,Escherichia coli,Susceptible,Resistant,Susceptible
GCF_1000750.1,Escherichia coli,Resistant,Susceptible,Susceptible
GCF_1000751.1,Escherichia coli,Susceptible,Resistant,Susceptible
GCF_1000752.1,Escherichia coli,Susceptible,Resistant,Susceptible
GCF_1000753.1,Escherichia coli,Resistant,Resistant,Susceptible
GCF_1000754.1,Escherichia coli,Resistant,Susceptible,Susceptible
GCF_1000755.1,Escherichia coli,Susceptible,Susceptible,Susceptible
GCF_1000756.1,Escherichia coli,Susceptible,Susceptible,Susceptible
GCF_1000757.1,Escherichia coli,Susceptible,Susceptible,Susceptible
GCF_1000758.1,Escherichia coli,Susceptible,Resistant,Susceptible
GCF_1000759.1,Escherichia coli,Susceptible,Susceptible,Resistant
GCF_1000760.1,Escherichia coli,Resistant,Intermediate,Resistant
GCF_1000761.1,Escherichia coli,Resistant,Susceptible,Resistant
GCF_1000762.1,Escherichia coli,Resistant,Resistant,Susceptible
GCF_1000763.1,Escherichia coli,Susceptible,Susceptible,Susceptible
GCF_1000764.1,Escherichia coli,Resistant,Resistant,Resistant
GCF_1000765.1,Escherichia coli,Susceptible,Intermediate,Susceptible
GCF_1000766.1,Escherichia coli,Susceptible,Susceptible,Susceptible
GCF_1000767.1,Escherichia coli,Susceptible,Susceptible,Susceptible
GCF_1000768.1,Escherichia coli,Resistant,Resistant,Susceptible
GCF_1000769.1,Escherichia coli,Susceptible,Susceptible,Susceptible
GCF_1000770.1,Escherichia coli,Resistant,Intermediate,Resistant
GCF_1000771.1,Escherichia coli,Susceptible,Susceptible,Susceptible
GCF_1000772.1,Escherichia coli,Resistant,Susceptible,Susceptible
GCF_1000773.1,Escherichia coli,Intermediate,Susceptible,Susceptible
GCF_1000774.1,Escherichia coli,Susceptible,Susceptible,Susceptible
GCF_1000775.1,Escherichia coli,Resistant,Resistant,Susceptible
GCF_1000776.1,Escherichia coli,Resistant,Susceptible,Resistant
GCF_1000777.1,Escherichia coli,Susceptible,Susceptible,Intermediate
GCF_1000778.1,Escherichia coli,Susceptible,Intermediate,Susceptible
GCF_1000779.1,Escherichia coli,Susceptible,Susceptible,Susceptible
GCF_1000780.1,Escherichia coli,Susceptible,Resistant,Resistant
GCF_1000781.1,Escherichia coli,Susceptible,Susceptible,Susceptible
GCF_1000782.1,Escherichia coli,Resistant,Intermediate,Susceptible
GCF_1000783.1,Escherichia coli,Resistant,Susceptible,Susceptible
GCF_1000784.1,Escherichia coli,Resistant,Susceptible,Susceptible
GCF_1000785.1,Escherichia coli,Susceptible,Susceptible,Susceptible
GCF_1000786.1,Escherichia coli,Susceptible,Susceptible,Susceptible
GCF_1000787.1,Escherichia coli,Intermediate,Susceptible,Intermediate
GCF_1000788.1,Escherichia coli,Susceptible,Resistant,Susceptible
GCF_1000789.1,Escherichia coli,Susceptible,Susceptible,Susceptible
GCF_1000790.1,Escherichia coli,Resistant,Resistant,Susceptible
GCF_1000791.1,Escherichia coli,Susceptible,Susceptible,Susceptible
GCF_1000792.1,Escherichia coli,Susceptible,Susceptible,Susceptible
GCF_1000793.1,Escherichia coli,Susceptible,Susceptible,Susceptible
GCF_1000794.1,Escherichia coli,Resistant,Resistant,Susceptible
GCF_1000795.1,Escherichia coli,Susceptible,Resistant,Susceptible
GCF_1000796.1,Escherichia coli,Susceptible,Susceptible,Resistant
GCF_1000797.1,Escherichia coli,Susceptible,Resistant,Susceptible
GCF_1000798.1,Escherichia coli,Susceptible,Resistant,Susceptible
GCF_1000799.1,Escherichia coli,Susceptible,Resistant,Intermediate
GCF_1000800.1,Escherichia coli,Susceptible,Susceptible,Susceptible
GCF_1000801.1,Escherichia coli,Resistant,Susceptible,Susceptible
GCF_1000802.1,Escherichia coli,Susceptible,Susceptible,Susceptible
GCF_1000803.1,Escherichia coli,Susceptible,Intermediate,Susceptible
GCF_1000804.1,Escherichia coli,Intermediate,Susceptible,Susceptible
GCF_1000805.1,Escherichia coli,Susceptible,Susceptible,Susceptible
GCF_1000806.1,Escherichia coli,Susceptible,Susceptible,Susceptible
GCF_1000807.1,Escherichia coli,Susceptible,Resistant,Intermediate
GCF_1000808.1,Escherichia coli,Susceptible,Resistant,Susceptible
GCF_1000809.1,Escherichia coli,Resistant,Resistant,Susceptible
GCF_1000810.1,Escherichia coli,Susceptible,Susceptible,Susceptible
GCF_1000811.1,Escherichia coli,Susceptible,Susceptible,Susceptible
GCF_1000812.1,Escherichia coli,Resistant,Resistant,Susceptible
GCF_1000813.1,Escherichia coli,Susceptible,Resistant,Intermediate
GCF_1000814.1,Escherichia coli,Susceptible,Resistant,Susceptible
GCF_1000815.1,Escherichia coli,Susceptible,Susceptible,Susceptible
GCF_1000816.1,Escherichia coli,Susceptible,Intermediate,Susceptible
GCF_1000817.1,Escherichia coli,Intermediate,Susceptible,Resistant
GCF_1000818.1,Escherichia coli,Resistant,Susceptible,Resistant
GCF_1000819.1,Escherichia coli,Resistant,Resistant,Susceptible
GCF_1000820.1,Escherichia coli,Susceptible,Resistant,Susceptible
GCF_1000821.1,Escherichia coli,Resistant,Resistant,Intermediate
GCF_1000822.1,Escherichia coli,Resistant,Susceptible,Susceptible
GCF_1000823.1,Escherichia coli,Intermediate,Susceptible,Susceptible
GCF_1000824.1,Escherichia coli,Susceptible,Susceptible,Susceptible
GCF_1000825.1,Escherichia coli,Susceptible,Susceptible,Susceptible
GCF_1000826.1,Escherichia coli,Resistant,Resistant,Susceptible
GCF_1000827.1,Escherichia coli,Resistant,Susceptible,Resistant
GCF_1000828.1,Escherichia coli,Susceptible,Susceptible,Susceptible
GCF_1000829.1,Escherichia coli,Susceptible,Intermediate,Resistant
GCF_1000830.1,Escherichia coli,Resistant,Susceptible,Susceptible
GCF_1000831.1,Escherichia coli,Susceptible,Susceptible,Susceptible
GCF_1000832.1,Escherichia coli,Resistant,Susceptible,Resistant
GCF_1000833.1,Escherichia coli,Resistant,Susceptible,Susceptible
GCF_1000834.1,Escherichia coli,Susceptible,Susceptible,Susceptible
GCF_1000835.1,Escherichia coli,Intermediate,Susceptible,Susceptible
GCF_1000836.1,Escherichia coli,Susceptible,Resistant,Susceptible
GCF_1000837.1,Escherichia coli,Intermediate,Susceptible,Resistant
GCF_1000838.1,Escherichia coli,Susceptible,Susceptible,Susceptible
GCF_1000839.1,Escherichia coli,Susceptible,Resistant,Susceptible
GCF_1000840.1,Escherichia coli,Resistant,Resistant,Susceptible
GCF_1000841.1,Escherichia coli,Susceptible,Susceptible,Susceptible
GCF_1000842.1,Escherichia coli,Resistant,Intermediate,Susceptible
GCF_1000843.1,Escherichia coli,Susceptible,Susceptible,Susceptible
GCF_1000844.1,Escherichia coli,Resistant,Susceptible,Susceptible
GCF_1000845.1,Escherichia coli,Intermediate,Resistant,Susceptible
GCF_1000846.1,Escherichia coli,Resistant,Resistant,Susceptible
GCF_1000847.1,Escherichia coli,Susceptible,Resistant,Susceptible
GCF_1000848.1,Escherichia coli,Susceptible,Susceptible,Susceptible
GCF_1000849.1,Escherichia coli,Susceptible,Susceptible,Susceptible
GCF_1000850.1,Escherichia coli,Resistant,Resistant,Susceptible
GCF_1000851.1,Escherichia coli,Susceptible,Susceptible,Susceptible
GCF_1000852.1,Escherichia coli,Resistant,Susceptible,Resistant
GCF_1000853.1,Escherichia coli,Susceptible,Susceptible,Susceptible
GCF_1000854.1,Escherichia coli,Resistant,Susceptible,Resistant
GCF_1000855.1,Escherichia coli,Resistant,Resistant,Susceptible
GCF_1000856.1,Escherichia coli,Resistant,Susceptible,Intermediate
GCF_1000857.1,Escherichia coli,Susceptible,Susceptible,Resistant
GCF_1000858.1,Escherichia coli,Susceptible,Susceptible,Resistant
GCF_1000859.1,Escherichia coli,Resistant,Susceptible,Resistant
GCF_1000860.1,Escherichia coli,Susceptible,Susceptible,Susceptible
GCF_1000861.1,Escherichia coli,Susceptible,Susceptible,Susceptible
GCF_1000862.1,Escherichia coli,Susceptible,Resistant,Susceptible
GCF_1000863.1,Escherichia coli,Intermediate,Susceptible,Susceptible
GCF_1000864.1,Escherichia coli,Intermediate,Susceptible,Susceptible
GCF_1000865.1,Escherichia coli,Susceptible,Susceptible,Susceptible
GCF_1000866.1,Escherichia coli,Resistant,Resistant,Susceptible
GCF_1000867.1,Escherichia coli,Resistant,Resistant,Susceptible
GCF_1000868.1,Escherichia coli,Susceptible,Resistant,Susceptible
GCF_1000869.1,Escherichia coli,Susceptible,Susceptible,Susceptible
GCF_1000870.1,Escherichia coli,Intermediate,Susceptible,Susceptible
GCF_1000871.1,Escherichia coli,Resistant,Resistant,Susceptible
GCF_1000872.1,Escherichia coli,Susceptible,Susceptible,Susceptible
GCF_1000873.1,Escherichia coli,Intermediate,Susceptible,Susceptible
GCF_1000874.1,Escherichia coli,Resistant,Susceptible,Susceptible
GCF_1000875.1,Escherichia coli,Resistant,Susceptible,Susceptible
GCF_1000876.1,Escherichia coli,Susceptible,Susceptible,Susceptible
GCF_1000877.1,Escherichia coli,Susceptible,Susceptible,Susceptible
GCF_1000878.1,Escherichia coli,Resistant,Resistant,Susceptible
GCF_1000879.1,Escherichia coli,Resistant,Susceptible,Resistant
GCF_1000880.1,Escherichia coli,Resistant,Susceptible,Susceptible
GCF_1000881.1,Escherichia coli,Susceptible,Susceptible,Susceptible
GCF_1000882.1,Escherichia coli,Resistant,Susceptible,Intermediate
GCF_1000883.1,Escherichia coli,Resistant,Susceptible,Resistant
GCF_1000884.1,Escherichia coli,Susceptible,Resistant,Resistant
GCF_1000885.1,Escherichia coli,Resistant,Intermediate,Susceptible
GCF_1000886.1,Escherichia coli,Susceptible,Resistant,Susceptible
GCF_1000887.1,Escherichia coli,Resistant,Resistant,Susceptible
GCF_1000888.1,Escherichia coli,Resistant,Susceptible,Susceptible
GCF_1000889.1,Escherichia coli,Resistant,Susceptible,Susceptible
GCF_1000890.1,Escherichia coli,Susceptible,Resistant,Susceptible
GCF_1000891.1,Escherichia coli,Susceptible,Susceptible,Susceptible
GCF_1000892.1,Escherichia coli,Susceptible,Susceptible,Susceptible
GCF_1000893.1,Escherichia coli,Intermediate,Resistant,Susceptible
GCF_1000894.1,Escherichia coli,Susceptible,Susceptible,Intermediate
GCF_1000895.1,Escherichia coli,Resistant,Susceptible,Susceptible
GCF_1000896.1,Escherichia coli,Resistant,Susceptible,Susceptible
GCF_1000897.1,Escherichia coli,Susceptible,Resistant,Susceptible
GCF_1000898.1,Escherichia coli,Resistant,Resistant,Susceptible
GCF_1000899.1,Escherichia coli,Resistant,Susceptible,Resistant
GCF_1000900.1,Escherichia coli,Resistant,Susceptible,Resistant
GCF_1000901.1,Escherichia coli,Resistant,Resistant,Susceptible
GCF_1000902.1,Escherichia coli,Resistant,Susceptible,Resistant
GCF_1000903.1,Escherichia coli,Susceptible,Resistant,Susceptible
GCF_1000904.1,Escherichia coli,Intermediate,Susceptible,Susceptible
GCF_1000905.1,Escherichia coli,Susceptible,Resistant,Resistant
GCF_1000906.1,Escherichia coli,Susceptible,Susceptible,Susceptible
GCF_1000907.1,Escherichia coli,Resistant,Resistant,Intermediate
GCF_1000908.1,Escherichia coli,Resistant,Resistant,Susceptible
GCF_1000909.1,Escherichia coli,Intermediate,Resistant,Susceptible
GCF_1000910.1,Escherichia coli,Susceptible,Intermediate,Susceptible
GCF_1000911.1,Escherichia coli,Resistant,Susceptible,Resistant
GCF_1000912.1,Escherichia coli,Susceptible,Susceptible,Susceptible
GCF_1000913.1,Escherichia coli,Intermediate,Susceptible,Susceptible
GCF_1000914.1,Escherichia coli,Susceptible,Susceptible,Susceptible
GCF_1000915.1,Escherichia coli,Intermediate,Susceptible,Susceptible
GCF_1000916.1,Escherichia coli,Resistant,Susceptible,Susceptible
GCF_1000917.1,Escherichia coli,Susceptible,Susceptible,Susceptible
GCF_1000918.1,Escherichia coli,Susceptible,Susceptible,Susceptible
GCF_1000919.1,Escherichia coli,Resistant,Intermediate,Susceptible
GCF_1000920.1,Escherichia coli,Susceptible,Susceptible,Susceptible
GCF_1000921.1,Escherichia coli,Susceptible,Resistant,Susceptible
GCF_1000922.1,Escherichia coli,Susceptible,Susceptible,Susceptible
GCF_1000923.1,Escherichia coli,Susceptible,Susceptible,Intermediate
GCF_1000924.1,Escherichia coli,Intermediate,Susceptible,Susceptible
GCF_1000925.1,Escherichia coli,Resistant,Resistant,Susceptible
GCF_1000926.1,Escherichia coli,Resistant,Susceptible,Susceptible
GCF_1000927.1,Escherichia coli,Susceptible,Susceptible,Susceptible
GCF_1000928.1,Escherichia coli,Susceptible,Susceptible,Susceptible
GCF_1000929.1,Escherichia coli,Resistant,Resistant,Susceptible
GCF_1000930.1,Escherichia coli,Resistant,Susceptible,Susceptible
GCF_1000931.1,Escherichia coli,Susceptible,Susceptible,Susceptible
GCF_1000932.1,Escherichia coli,Susceptible,Susceptible,Resistant
GCF_1000933.1,Escherichia coli,Susceptible,Susceptible,Susceptible
GCF_1000934.1,Escherichia coli,Resistant,Susceptible,Susceptible
GCF_1000935.1,Escherichia coli,Resistant,Susceptible,Resistant
GCF_1000936.1,Escherichia coli,Resistant,Resistant,Susceptible
GCF_1000937.1,Escherichia coli,Susceptible,Susceptible,Susceptible
GCF_1000938.1,Escherichia coli,Resistant,Intermediate,Susceptible
GCF_1000939.1,Escherichia coli,Susceptible,Resistant,Resistant
GCF_1000940.1,Escherichia coli,Resistant,Resistant,Intermediate
GCF_1000941.1,Escherichia coli,Susceptible,Susceptible,Susceptible
GCF_1000942.1,Escherichia coli,Susceptible,Susceptible,Susceptible
GCF_1000943.1,Escherichia coli,Susceptible,Susceptible,Susceptible
GCF_1000944.1,Escherichia coli,Resistant,Susceptible,Susceptible
GCF_1000945.1,Escherichia coli,Resistant,Intermediate,Resistant
GCF_1000946.1,Escherichia coli,Resistant,Intermediate,Susceptible
GCF_1000947.1,Escherichia coli,Susceptible,Resistant,Susceptible
GCF_1000948.1,Escherichia coli,Susceptible,Intermediate,Susceptible
GCF_1000949.1,Escherichia coli,Susceptible,Susceptible,Susceptible
GCF_1000950.1,Escherichia coli,Susceptible,Resistant,Susceptible
GCF_1000951.1,Escherichia coli,Susceptible,Resistant,Susceptible
GCF_1000952.1,Escherichia coli,Resistant,Susceptible,Susceptible
GCF_1000953.1,Escherichia coli,Susceptible,Susceptible,Susceptible
GCF_1000954.1,Escherichia coli,Intermediate,Susceptible,Susceptible
GCF_1000955.1,Escherichia coli,Intermediate,Susceptible,Susceptible
GCF_1000956.1,Escherichia coli,Susceptible,Susceptible,Susceptible
GCF_1000957.1,Escherichia coli,Resistant,Intermediate,Susceptible
GCF_1000958.1,Escherichia coli,Resistant,Susceptible,Intermediate
GCF_1000959.1,Escherichia coli,Susceptible,Susceptible,Susceptible
GCF_1000960.1,Escherichia coli,Resistant,Resistant,Resistant
GCF_1000961.1,Escherichia coli,Susceptible,Susceptible,Susceptible
GCF_1000962.1,Escherichia coli,Resistant,Susceptible,Susceptible
GCF_1000963.1,Escherichia coli,Intermediate,Susceptible,Susceptible
GCF_1000964.1,Escherichia coli,Resistant,Susceptible,Susceptible
GCF_1000965.1,Escherichia coli,Intermediate,Susceptible,Susceptible
GCF_1000966.1,Escherichia coli,Susceptible,Resistant,Susceptible
GCF_1000967.1,Escherichia coli,Resistant,Resistant,Susceptible
GCF_1000968.1,Escherichia coli,Susceptible,Susceptible,Susceptible
GCF_1000969.1,Escherichia coli,Susceptible,Resistant,Susceptible
GCF_1000970.1,Escherichia coli,Susceptible,Resistant,Susceptible
GCF_1000971.1,Escherichia coli,Susceptible,Susceptible,Intermediate
GCF_1000972.1,Escherichia coli,Susceptible,Intermediate,Susceptible
GCF_1000973.1,Escherichia coli,Resistant,Intermediate,Susceptible
GCF_1000974.1,Escherichia coli,Resistant,Resistant,Susceptible
GCF_1000975.1,Escherichia coli,Resistant,Susceptible,Resistant
GCF_1000976.1,Escherichia coli,Susceptible,Intermediate,Susceptible
GCF_1000977.1,Escherichia coli,Resistant,Intermediate,Resistant
GCF_1000978.1,Escherichia coli,Susceptible,Susceptible,Susceptible
GCF_1000979.1,Escherichia coli,Susceptible,Susceptible,Susceptible
GCF_1000980.1,Escherichia coli,Resistant,Resistant,Susceptible
GCF_1000981.1,Escherichia coli,Susceptible,Susceptible,Susceptible
GCF_1000982.1,Escherichia coli,Resistant,Intermediate,Susceptible
GCF_1000983.1,Escherichia coli,Resistant,Intermediate,Susceptible
GCF_1000984.1,Escherichia coli,Susceptible,Resistant,Susceptible
GCF_1000985.1,Escherichia coli,Susceptible,Resistant,Susceptible
GCF_1000986.1,Escherichia coli,Susceptible,Susceptible,Resistant
GCF_1000987.1,Escherichia coli,Intermediate,Susceptible,Susceptible
GCF_1000988.1,Escherichia coli,Resistant,Intermediate,Susceptible
GCF_1000989.1,Escherichia coli,Susceptible,Susceptible,Susceptible
GCF_1000990.1,Escherichia coli,Susceptible,Susceptible,Intermediate
GCF_1000991.1,Escherichia coli,Susceptible,Resistant,Susceptible
GCF_1000992.1,Escherichia coli,Resistant,Susceptible,Susceptible
GCF_1000993.1,Escherichia coli,Susceptible,Resistant,Susceptible
GCF_1000994.1,Escherichia coli,Intermediate,Susceptible,Resistant
GCF_1000995.1,Escherichia coli,Resistant,Susceptible,Susceptible
GCF_1000996.1,Escherichia coli,Susceptible,Susceptible,Intermediate
GCF_1000997.1,Escherichia coli,Resistant,Resistant,Susceptible
GCF_1000998.1,Escherichia coli,Susceptible,Resistant,Susceptible
GCF_1000999.1,Escherichia coli,Intermediate,Intermediate,Susceptible
